CREATE DATABASE  IF NOT EXISTS `sneakerhead` /*!40100 DEFAULT CHARACTER SET utf8 COLLATE utf8_unicode_ci */;
USE `sneakerhead`;
-- MySQL dump 10.13  Distrib 8.0.17, for Win64 (x86_64)
--
-- Host: localhost    Database: sneakerhead
-- ------------------------------------------------------
-- Server version	5.6.45-log

/*!40101 SET @OLD_CHARACTER_SET_CLIENT=@@CHARACTER_SET_CLIENT */;
/*!40101 SET @OLD_CHARACTER_SET_RESULTS=@@CHARACTER_SET_RESULTS */;
/*!40101 SET @OLD_COLLATION_CONNECTION=@@COLLATION_CONNECTION */;
/*!50503 SET NAMES utf8 */;
/*!40103 SET @OLD_TIME_ZONE=@@TIME_ZONE */;
/*!40103 SET TIME_ZONE='+00:00' */;
/*!40014 SET @OLD_UNIQUE_CHECKS=@@UNIQUE_CHECKS, UNIQUE_CHECKS=0 */;
/*!40014 SET @OLD_FOREIGN_KEY_CHECKS=@@FOREIGN_KEY_CHECKS, FOREIGN_KEY_CHECKS=0 */;
/*!40101 SET @OLD_SQL_MODE=@@SQL_MODE, SQL_MODE='NO_AUTO_VALUE_ON_ZERO' */;
/*!40111 SET @OLD_SQL_NOTES=@@SQL_NOTES, SQL_NOTES=0 */;

--
-- Table structure for table `board_all`
--

DROP TABLE IF EXISTS `board_all`;
/*!40101 SET @saved_cs_client     = @@character_set_client */;
/*!50503 SET character_set_client = utf8mb4 */;
CREATE TABLE `board_all` (
  `num` int(11) NOT NULL AUTO_INCREMENT,
  `board_type` varchar(45) COLLATE utf8_unicode_ci DEFAULT NULL,
  `member_id` varchar(20) COLLATE utf8_unicode_ci DEFAULT NULL,
  `subject` varchar(1000) COLLATE utf8_unicode_ci DEFAULT NULL,
  `content` text COLLATE utf8_unicode_ci,
  `readcount` int(11) DEFAULT NULL,
  `re_ref` int(11) DEFAULT NULL,
  `re_lev` int(11) DEFAULT NULL,
  `re_seq` int(11) DEFAULT NULL,
  `date` date DEFAULT NULL,
  `ip` varchar(20) COLLATE utf8_unicode_ci DEFAULT NULL,
  `file` varchar(20) COLLATE utf8_unicode_ci DEFAULT NULL,
  `likecount` int(11) DEFAULT NULL,
  `like_member` varchar(45) COLLATE utf8_unicode_ci DEFAULT NULL,
  PRIMARY KEY (`num`)
) ENGINE=InnoDB AUTO_INCREMENT=38 DEFAULT CHARSET=utf8 COLLATE=utf8_unicode_ci;
/*!40101 SET character_set_client = @saved_cs_client */;

--
-- Dumping data for table `board_all`
--

LOCK TABLES `board_all` WRITE;
/*!40000 ALTER TABLE `board_all` DISABLE KEYS */;
INSERT INTO `board_all` VALUES (1,'발매','coduo25',' [2020.2.29]Travis scott X Nike SB Dunk Low','<p style=\"text-align: center;\"> <img src=\"/Project/editorImageUpload/2020021714103550d432bc-726a-4f7a-a2ec-18832e03fad2.png\" title=\"A5930A08-7E6D-4197-8ADB-ED808AD74893.png\" style=\"width:85%;\"> </p><p style=\"text-align: center;\">&nbsp;</p><p style=\"text-align: center;\">&nbsp;</p><p style=\"text-align: center;\"> <img src=\"/Project/editorImageUpload/20200217141041a6969da2-fcf2-40e4-a32f-3ee6ee8904c1.png\" title=\"1FE44E5D-393E-4804-8139-C87AF1A8DCAB.png\" style=\"width:85%;\"> </p><br style=\"clear:both;\"><br><p>&nbsp;</p><br style=\"clear:both;\"><br>',4,1,0,0,'2020-02-17','0:0:0:0:0:0:0:1',NULL,0,NULL),(2,'발매','coduo25','[2/22] jordan 1 low \'paris\' 발매확정','<p><span style=\"color: rgb(34, 34, 34); font-family: &quot;Apple SD Gothic Neo&quot;, &quot;맑은 고딕&quot;, &quot;Malgun Gothic&quot;, 돋움, dotum, sans-serif;\">[에어 조던 1 로우 \"파리\"]</span><br style=\"color: rgb(34, 34, 34); font-family: &quot;Apple SD Gothic Neo&quot;, &quot;맑은 고딕&quot;, &quot;Malgun Gothic&quot;, 돋움, dotum, sans-serif;\"><br style=\"color: rgb(34, 34, 34); font-family: &quot;Apple SD Gothic Neo&quot;, &quot;맑은 고딕&quot;, &quot;Malgun Gothic&quot;, 돋움, dotum, sans-serif;\"><span style=\"color: rgb(34, 34, 34); font-family: &quot;Apple SD Gothic Neo&quot;, &quot;맑은 고딕&quot;, &quot;Malgun Gothic&quot;, 돋움, dotum, sans-serif;\">Air Jordan 1 Low “Paris”</span><br style=\"color: rgb(34, 34, 34); font-family: &quot;Apple SD Gothic Neo&quot;, &quot;맑은 고딕&quot;, &quot;Malgun Gothic&quot;, 돋움, dotum, sans-serif;\"><span style=\"color: rgb(34, 34, 34); font-family: &quot;Apple SD Gothic Neo&quot;, &quot;맑은 고딕&quot;, &quot;Malgun Gothic&quot;, 돋움, dotum, sans-serif;\">DATE : 2020.02.22</span><br style=\"color: rgb(34, 34, 34); font-family: &quot;Apple SD Gothic Neo&quot;, &quot;맑은 고딕&quot;, &quot;Malgun Gothic&quot;, 돋움, dotum, sans-serif;\"><span style=\"color: rgb(34, 34, 34); font-family: &quot;Apple SD Gothic Neo&quot;, &quot;맑은 고딕&quot;, &quot;Malgun Gothic&quot;, 돋움, dotum, sans-serif;\">CODE : CV3043-100</span><br style=\"color: rgb(34, 34, 34); font-family: &quot;Apple SD Gothic Neo&quot;, &quot;맑은 고딕&quot;, &quot;Malgun Gothic&quot;, 돋움, dotum, sans-serif;\"><span style=\"color: rgb(34, 34, 34); font-family: &quot;Apple SD Gothic Neo&quot;, &quot;맑은 고딕&quot;, &quot;Malgun Gothic&quot;, 돋움, dotum, sans-serif;\">PRICE : $100</span><br style=\"color: rgb(34, 34, 34); font-family: &quot;Apple SD Gothic Neo&quot;, &quot;맑은 고딕&quot;, &quot;Malgun Gothic&quot;, 돋움, dotum, sans-serif;\"><br style=\"color: rgb(34, 34, 34); font-family: &quot;Apple SD Gothic Neo&quot;, &quot;맑은 고딕&quot;, &quot;Malgun Gothic&quot;, 돋움, dotum, sans-serif;\"><span style=\"color: rgb(34, 34, 34); font-family: &quot;Apple SD Gothic Neo&quot;, &quot;맑은 고딕&quot;, &quot;Malgun Gothic&quot;, 돋움, dotum, sans-serif;\">다음주 중으로 조던 파리&amp;밀란 시리즈가 출시될 예정입니다.</span><br style=\"color: rgb(34, 34, 34); font-family: &quot;Apple SD Gothic Neo&quot;, &quot;맑은 고딕&quot;, &quot;Malgun Gothic&quot;, 돋움, dotum, sans-serif;\"><br style=\"color: rgb(34, 34, 34); font-family: &quot;Apple SD Gothic Neo&quot;, &quot;맑은 고딕&quot;, &quot;Malgun Gothic&quot;, 돋움, dotum, sans-serif;\"><span style=\"color: rgb(34, 34, 34); font-family: &quot;Apple SD Gothic Neo&quot;, &quot;맑은 고딕&quot;, &quot;Malgun Gothic&quot;, 돋움, dotum, sans-serif;\">그 중 에어 조던 1 로우 \"파리\"는 부드러운 재질의 스웨이드를 사용하여 고급스러운 이미지를 연출함과 동시에 혀와 깔창에는 황금색의 점프맨 로고를 새겨넣어 컬러풀한 느낌을 보여줍니다.</span><br style=\"color: rgb(34, 34, 34); font-family: &quot;Apple SD Gothic Neo&quot;, &quot;맑은 고딕&quot;, &quot;Malgun Gothic&quot;, 돋움, dotum, sans-serif;\"><br style=\"color: rgb(34, 34, 34); font-family: &quot;Apple SD Gothic Neo&quot;, &quot;맑은 고딕&quot;, &quot;Malgun Gothic&quot;, 돋움, dotum, sans-serif;\"><span style=\"color: rgb(34, 34, 34); font-family: &quot;Apple SD Gothic Neo&quot;, &quot;맑은 고딕&quot;, &quot;Malgun Gothic&quot;, 돋움, dotum, sans-serif;\">2월 4일 한정 출시 후 2월 22일 글로벌 재출시 예정입니다.</span><br style=\"color: rgb(34, 34, 34); font-family: &quot;Apple SD Gothic Neo&quot;, &quot;맑은 고딕&quot;, &quot;Malgun Gothic&quot;, 돋움, dotum, sans-serif;\"><br style=\"color: rgb(34, 34, 34); font-family: &quot;Apple SD Gothic Neo&quot;, &quot;맑은 고딕&quot;, &quot;Malgun Gothic&quot;, 돋움, dotum, sans-serif;\"><span style=\"color: rgb(34, 34, 34); font-family: &quot;Apple SD Gothic Neo&quot;, &quot;맑은 고딕&quot;, &quot;Malgun Gothic&quot;, 돋움, dotum, sans-serif;\">현재까지 발매가 확정된 곳은 @noir.fonce , @end_clothing 입니다.</span><br style=\"color: rgb(34, 34, 34); font-family: &quot;Apple SD Gothic Neo&quot;, &quot;맑은 고딕&quot;, &quot;Malgun Gothic&quot;, 돋움, dotum, sans-serif;\"><br style=\"color: rgb(34, 34, 34); font-family: &quot;Apple SD Gothic Neo&quot;, &quot;맑은 고딕&quot;, &quot;Malgun Gothic&quot;, 돋움, dotum, sans-serif;\"><span style=\"color: rgb(34, 34, 34); font-family: &quot;Apple SD Gothic Neo&quot;, &quot;맑은 고딕&quot;, &quot;Malgun Gothic&quot;, 돋움, dotum, sans-serif;\">가격대비 이쁘장해서 괜찮네요 ㅎㅎ</span><br style=\"color: rgb(34, 34, 34); font-family: &quot;Apple SD Gothic Neo&quot;, &quot;맑은 고딕&quot;, &quot;Malgun Gothic&quot;, 돋움, dotum, sans-serif;\"><br style=\"color: rgb(34, 34, 34); font-family: &quot;Apple SD Gothic Neo&quot;, &quot;맑은 고딕&quot;, &quot;Malgun Gothic&quot;, 돋움, dotum, sans-serif;\"><span style=\"color: rgb(34, 34, 34); font-family: &quot;Apple SD Gothic Neo&quot;, &quot;맑은 고딕&quot;, &quot;Malgun Gothic&quot;, 돋움, dotum, sans-serif;\">출처 : 인스타 @shoe_prize</span></p><p><span style=\"color: rgb(34, 34, 34); font-family: &quot;Apple SD Gothic Neo&quot;, &quot;맑은 고딕&quot;, &quot;Malgun Gothic&quot;, 돋움, dotum, sans-serif;\">&nbsp;</span></p><p><span style=\"color: rgb(34, 34, 34); font-family: &quot;Apple SD Gothic Neo&quot;, &quot;맑은 고딕&quot;, &quot;Malgun Gothic&quot;, 돋움, dotum, sans-serif;\"></span></p><p style=\"text-align: center;\"> <img src=\"/Project/editorImageUpload/20200217141533d43f0006-fc1f-490e-a068-3892571c66e9.jpg\" title=\"externalFile.jpg\" style=\"width:85%;\"> </p><br style=\"clear:both;\"><div class=\"tbody m-tcol-c\" id=\"tbody\" style=\"font-family: &quot;Apple SD Gothic Neo&quot;, &quot;맑은 고딕&quot;, &quot;Malgun Gothic&quot;, 돋움, dotum, sans-serif; list-style: none; margin: 20px 0px 0px auto; padding: 0px 43px; clear: both; line-height: 1.4; min-height: 80px; width: 744px; position: relative; overflow-y: hidden; z-index: 0; color: rgb(34, 34, 34); overflow-wrap: break-word; overflow-x: auto !important;\"><p style=\"list-style: none; font-size: inherit; font-family: inherit;\"><a href=\"https://launches.endclothing.com/product/air-jordan-1-low-cv3043-100\" target=\"_blank\" style=\"text-decoration-line: none;\">https://launches.endclothing.com/product/air-jordan-1-low-cv3043-100</a><br><br>노이어폰스는 아직 링크는없네요</p></div><table role=\"presentation\" cellspacing=\"0\" class=\"tag_n_id tag_list_area\" style=\"width: 830px; table-layout: fixed; border: 0px; padding-top: 40px; font-family: &quot;Apple SD Gothic Neo&quot;, &quot;맑은 고딕&quot;, &quot;Malgun Gothic&quot;, 돋움, dotum, sans-serif;\"><tbody><tr></tr></tbody></table><p>&nbsp;</p><div class=\"autosourcing-stub\" style=\"font-family: &quot;Apple SD Gothic Neo&quot;, &quot;맑은 고딕&quot;, &quot;Malgun Gothic&quot;, 돋움, dotum, sans-serif; list-style: none; margin: 0px; padding: 0px; position: absolute; opacity: 0; color: rgb(34, 34, 34);\"><p style=\"list-style: none; margin-top: 20px; margin-bottom: 30px; font-family: dotum;\"><strong style=\"padding: 0px 7px 0px 0px;\">[출처]</strong>&nbsp;</p></div>',3,2,0,0,'2020-02-17','0:0:0:0:0:0:0:1',NULL,0,NULL),(3,'발매','coduo25','옵화 5 미공홈 드로우 시작','<p style=\"text-align: center;\"> <img src=\"/Project/editorImageUpload/20200217141807509c4f79-89e5-4d69-8ac4-54ef483d7732.jpg\" title=\"externalFile%20(1).jpg\" style=\"width:85%;\"> </p><br style=\"clear:both;\"><br>',8,3,0,0,'2020-02-17','0:0:0:0:0:0:0:1',NULL,0,NULL),(4,'루머','coduo25','슈프림 에어포스 착용샷 ','<p style=\"text-align: center;\"> <img src=\"/Project/editorImageUpload/20200217141915ebeed4b5-75fd-40a6-af2c-82d43469a1b6.jpg\" title=\"externalFile%20(2).jpg\" style=\"width:85%;\"> </p><br style=\"clear:both;\"><br>',1,1,0,0,'2020-02-17','0:0:0:0:0:0:0:1',NULL,0,NULL),(5,'루머','coduo25','새로운 색상의 오프화이트 X 나이키 에어조던5','<p style=\"text-align: center;\"> <img src=\"/Project/editorImageUpload/202002171423061bf573a2-2e2c-4336-9f62-9e764ce06a14.jpg\" title=\"435B785-7D96-4908-A5FE-2595A029CE53.jpg\" style=\"width:85%;\"> </p><br style=\"clear:both;\"><p style=\"text-align: center;\"> <img src=\"/Project/editorImageUpload/20200217142311e1a5650e-59f0-4ff7-9a7f-d09c8e7c44ab.jpg\" title=\"FB8E12F-2F4F-42CA-903F-8CB4E89E44FA.jpg\" style=\"width:85%;\"></p><p style=\"text-align: center;\">&nbsp;</p><p style=\"text-align: center;\"> <img src=\"/Project/editorImageUpload/20200217142317c32e6489-74c4-472d-8b0f-ade4d493e45a.jpg\" title=\"FE180CA-04D1-4FDD-B655-AE3BF0AB5685.jpg\" style=\"width:85%;\"> </p><br style=\"clear:both;\"><p style=\"text-align: center;\"> <img src=\"/Project/editorImageUpload/20200217142321ee728da9-cae3-4a89-93e3-16536a6bd622.jpg\" title=\"066AA54-4C3C-47CF-B2B1-27DD559BA510.jpg\" style=\"width:85%;\"> </p><br style=\"clear:both;\"> <p>&nbsp;</p><br style=\"clear:both;\"><br>',1,2,0,0,'2020-02-17','0:0:0:0:0:0:0:1',NULL,0,NULL),(6,'루머','coduo25','에어조던 1 하이 블러드라인 2.0 The Air Jordan 1 High “ Bloodline 2.0 “','<p style=\"text-align: center;\"> <img src=\"/Project/editorImageUpload/2020021714241439a11b06-5c1f-4fbf-b580-e78a06cd6a84.png\" title=\"20200209_105106.png\" style=\"width:85%;\"> </p><br style=\"clear:both;\"><br>',2,3,0,0,'2020-02-17','0:0:0:0:0:0:0:1',NULL,0,NULL),(7,'공지','admin','★★[필독]나이키매니아 등업 조건을 확인하세요! ★★','<p align=\"center\" style=\"list-style: none; font-family: &quot;Apple SD Gothic Neo&quot;, &quot;맑은 고딕&quot;, &quot;Malgun Gothic&quot;, 돋움, dotum, sans-serif; color: rgb(34, 34, 34);\"><strong>안녕하세요!&nbsp; 스니커 하이브 운영자&nbsp;입니다~ ^ㅂ^/</strong></p><p align=\"center\" style=\"list-style: none; font-family: &quot;Apple SD Gothic Neo&quot;, &quot;맑은 고딕&quot;, &quot;Malgun Gothic&quot;, 돋움, dotum, sans-serif; color: rgb(34, 34, 34);\"><strong><font color=\"#ff6c00\">스니커하이브人이 되신 여러분 환영하며 스니커하이브 등급 및 등업조건을 공지드립니다!</font></strong></p><p align=\"center\" style=\"list-style: none; font-family: &quot;Apple SD Gothic Neo&quot;, &quot;맑은 고딕&quot;, &quot;Malgun Gothic&quot;, 돋움, dotum, sans-serif; color: rgb(34, 34, 34);\"><strong><font color=\"#ff6c00\"></font></strong></p><p style=\"text-align: center;\"><strong><font color=\"#ff6c00\"> <img src=\"/Project/editorImageUpload/20200217142810f012dfde-ecfd-49ae-9597-f735136a9bb4.jpg\" title=\"naver_com_20150401_011544.jpg\" style=\"width:85%;\"> </font></strong></p><strong><font color=\"#ff6c00\"><br style=\"clear:both;\"></font></strong><p align=\"center\" style=\"list-style: none; font-family: &quot;Apple SD Gothic Neo&quot;, &quot;맑은 고딕&quot;, &quot;Malgun Gothic&quot;, 돋움, dotum, sans-serif; color: rgb(34, 34, 34);\"><font color=\"#ff0000\">※단, 도배 및 의미없는 저수준 게시물은 활동정지 및 강퇴 대상.</font></p><p align=\"center\" style=\"list-style: none; font-family: &quot;Apple SD Gothic Neo&quot;, &quot;맑은 고딕&quot;, &quot;Malgun Gothic&quot;, 돋움, dotum, sans-serif; color: rgb(34, 34, 34);\"><font color=\"#ff0000\">또한, 댓글(리플)이 가능함에도 새글수를 늘리기위한 \'답글\'사용 및&nbsp;</font></p><p align=\"center\" style=\"list-style: none; font-family: &quot;Apple SD Gothic Neo&quot;, &quot;맑은 고딕&quot;, &quot;Malgun Gothic&quot;, 돋움, dotum, sans-serif; color: rgb(34, 34, 34);\"><font color=\"#ff0000\">[스크랩]을 통한 업로드</font><font color=\"#ff0000\">역시 활동정지 및 강퇴 대상이오니 유의하세요!</font></p><div class=\"autosourcing-stub\" style=\"font-family: inherit; font-size: inherit; list-style: none; margin: 0px; padding: 0px; position: absolute; opacity: 0;\"><p style=\"list-style: none; margin-top: 20px; margin-bottom: 30px; font-family: dotum;\"><font color=\"#ff0000\"><strong style=\"padding: 0px 7px 0px 0px;\">[출처]</strong>&nbsp;</font></p></div>',34,1,0,0,'2020-02-17','0:0:0:0:0:0:0:1',NULL,0,NULL),(8,'공지','admin',' ★★[필독]나매人 중고장터 거래금지 품목안내(법률상)★★ ','<p style=\"text-align: center;\"> <img src=\"/Project/editorImageUpload/2020021714331915ed020d-3d10-467e-9767-2d2f9baf93ba.jpg\" title=\"nonono.jpg\" style=\"width:85%;\"> </p><br style=\"clear:both;\"><br>',43,2,0,0,'2020-02-17','0:0:0:0:0:0:0:1',NULL,0,NULL),(9,'착샷','coduo25','피스마이너스원 올림픽 볼캡, 오프화이트 조던 시카고 착샷 ','<p style=\"text-align: center;\"> <img src=\"/Project/editorImageUpload/20200217143512fd1fb90e-daf0-47e6-b12f-eb9817485da2.jpg\" title=\"externalFile%20(3).jpg\" style=\"width:85%;\"> </p><br style=\"clear:both;\"><div class=\"tbody m-tcol-c\" id=\"tbody\" style=\"font-family: &quot;Apple SD Gothic Neo&quot;, &quot;맑은 고딕&quot;, &quot;Malgun Gothic&quot;, 돋움, dotum, sans-serif; list-style: none; margin: 20px 0px 0px auto; padding: 0px 43px; clear: both; line-height: 1.4; min-height: 80px; width: 744px; position: relative; overflow-y: hidden; z-index: 0; color: rgb(34, 34, 34); overflow-wrap: break-word; overflow-x: auto !important;\"><p style=\"list-style: none; font-size: inherit; font-family: inherit;\">레드레드 하게 찍어봤어요</p><p style=\"list-style: none; font-size: inherit; font-family: inherit;\">&nbsp;</p></div><table role=\"presentation\" cellspacing=\"0\" class=\"tag_n_id tag_list_area\" style=\"width: 830px; table-layout: fixed; border: 0px; padding-top: 40px; font-family: &quot;Apple SD Gothic Neo&quot;, &quot;맑은 고딕&quot;, &quot;Malgun Gothic&quot;, 돋움, dotum, sans-serif;\"><tbody><tr><td class=\"tagarea\" style=\"vertical-align: top; padding-right: 10px; margin-bottom: -20px;\"><div class=\"autosourcing-stub\" style=\"list-style: none; margin: 0px; padding: 0px; position: absolute; opacity: 0;\"></div></td></tr></tbody></table>',2,1,0,0,'2020-02-17','0:0:0:0:0:0:0:1',NULL,0,NULL),(10,'착샷','coduo25','올블랙~ 마트 쇼핑~','<p style=\"text-align: center;\"> <img src=\"/Project/editorImageUpload/2020021714373694e37ebf-8076-4d76-a781-1a6276c0af69.jpg\" title=\"KakaoTalk_20200217_113747634.jpg\" style=\"width:85%;\"> </p><p style=\"text-align: center;\">&nbsp;</p><p style=\"text-align: center;\"><span style=\"color: rgb(34, 34, 34); font-family: &quot;Apple SD Gothic Neo&quot;, &quot;맑은 고딕&quot;, &quot;Malgun Gothic&quot;, 돋움, dotum, sans-serif; text-align: -webkit-left;\">옵조5 광탈, 기분 전환 마트 쇼핑~~</span></p><div class=\"autosourcing-stub\" style=\"font-family: &quot;Apple SD Gothic Neo&quot;, &quot;맑은 고딕&quot;, &quot;Malgun Gothic&quot;, 돋움, dotum, sans-serif; list-style: none; margin: 0px; padding: 0px; position: absolute; opacity: 0; color: rgb(34, 34, 34);\"></div>',1,2,0,0,'2020-02-17','0:0:0:0:0:0:0:1',NULL,0,NULL),(11,'착샷','coduo25','요새 빠진 니삭스 코디','<p style=\"text-align: center;\"> <img src=\"/Project/editorImageUpload/20200217143837cc4477d1-d245-4d3f-a33b-c423bb26240a.jpg\" title=\"externalFile%20(4).jpg\" style=\"width:85%;\"> </p><p style=\"text-align: center;\">&nbsp;</p><p style=\"text-align: center;\">&nbsp;</p><p style=\"text-align: center;\"> <img src=\"/Project/editorImageUpload/2020021714384301385f25-845b-44e5-ba8b-d5eb1d58c9c0.jpg\" title=\"externalFile%20(5).jpg\" style=\"width:85%;\"> </p><p style=\"text-align: center;\">&nbsp;</p><p style=\"text-align: center;\">&nbsp;</p><p style=\"text-align: center;\"> <img src=\"/Project/editorImageUpload/2020021714384963ec2104-dfd9-42fc-9218-1b9d9db2610a.jpg\" title=\"externalFile%20(6).jpg\" style=\"width:85%;\"> </p><p style=\"text-align: center;\">&nbsp;</p><p style=\"text-align: center;\">&nbsp;</p><p style=\"text-align: center;\" align=\"center\">&nbsp;</p><div style=\"text-align: left;\" align=\"left\"><span style=\"color: rgb(34, 34, 34); font-family: &quot;Apple SD Gothic Neo&quot;, &quot;맑은 고딕&quot;, &quot;Malgun Gothic&quot;, 돋움, dotum, sans-serif;\">원래 니삭스 그켬했는데 검정스타킹은 신기 싫고 살색스타킹은 너모 추워보여서 함 신어봤는데.....</span></div><div style=\"text-align: left;\" align=\"left\"><font color=\"#222222\" face=\"Apple SD Gothic Neo, 맑은 고딕, Malgun Gothic, 돋움, dotum, sans-serif\"><br></font></div><span style=\"color: rgb(34, 34, 34); font-family: &quot;Apple SD Gothic Neo&quot;, &quot;맑은 고딕&quot;, &quot;Malgun Gothic&quot;, 돋움, dotum, sans-serif;\"><div style=\"text-align: left;\" align=\"left\">요거 참 중독이네여...런스타 코디랑 꿀조합</div></span><div style=\"text-align: left;\"><font color=\"#222222\" face=\"Apple SD Gothic Neo, 맑은 고딕, Malgun Gothic, 돋움, dotum, sans-serif\"><br></font></div><span style=\"color: rgb(34, 34, 34); font-family: &quot;Apple SD Gothic Neo&quot;, &quot;맑은 고딕&quot;, &quot;Malgun Gothic&quot;, 돋움, dotum, sans-serif;\"><div style=\"text-align: left;\">코로나 조심 눈 조심 갬기 조심하세여</div></span><p>&nbsp;</p><div class=\"autosourcing-stub\" style=\"font-family: &quot;Apple SD Gothic Neo&quot;, &quot;맑은 고딕&quot;, &quot;Malgun Gothic&quot;, 돋움, dotum, sans-serif; list-style: none; margin: 0px; padding: 0px; position: absolute; opacity: 0; color: rgb(34, 34, 34);\"></div>',3,3,0,0,'2020-02-17','0:0:0:0:0:0:0:1',NULL,0,NULL),(12,'착샷','coduo25',' 색 미침','<p style=\"text-align: center;\"> <img src=\"/Project/editorImageUpload/20200217144420fb4189dc-24b4-4e20-af93-dc1e64af36e1.jpg\" title=\"externalFile%20(7).jpg\" style=\"width:85%;\"> </p><p style=\"text-align: center;\">&nbsp;</p><p style=\"text-align: center;\"><span style=\"color: rgb(34, 34, 34); font-family: &quot;Apple SD Gothic Neo&quot;, &quot;맑은 고딕&quot;, &quot;Malgun Gothic&quot;, 돋움, dotum, sans-serif; text-align: start;\">어제 나매회원님과 사이즈 교환후</span><br style=\"color: rgb(34, 34, 34); font-family: &quot;Apple SD Gothic Neo&quot;, &quot;맑은 고딕&quot;, &quot;Malgun Gothic&quot;, 돋움, dotum, sans-serif; text-align: start;\"><br style=\"color: rgb(34, 34, 34); font-family: &quot;Apple SD Gothic Neo&quot;, &quot;맑은 고딕&quot;, &quot;Malgun Gothic&quot;, 돋움, dotum, sans-serif; text-align: start;\"><span style=\"color: rgb(34, 34, 34); font-family: &quot;Apple SD Gothic Neo&quot;, &quot;맑은 고딕&quot;, &quot;Malgun Gothic&quot;, 돋움, dotum, sans-serif; text-align: start;\">바로 신었습니다</span></p><div class=\"autosourcing-stub\" style=\"font-family: &quot;Apple SD Gothic Neo&quot;, &quot;맑은 고딕&quot;, &quot;Malgun Gothic&quot;, 돋움, dotum, sans-serif; list-style: none; margin: 0px; padding: 0px; position: absolute; opacity: 0; color: rgb(34, 34, 34);\"><p style=\"list-style: none; margin-top: 20px; margin-bottom: 30px; font-family: dotum;\"><strong style=\"padding: 0px 7px 0px 0px;\">[출처]</strong>&nbsp;<a href=\"https://cafe.naver.com/sssw/10083193\" target=\"_blank\" style=\"text-decoration-line: none;\">색 미침 (●나이키매니아●에어조던,아디다스,슈프림,중고장터,스트릿패션)</a>&nbsp;<span style=\"padding: 0px 7px 0px 5px;\">|</span><strong style=\"padding: 0px 7px 0px 0px;\">작성자</strong>&nbsp;<a href=\"https://cafe.naver.com/sssw.cafe?iframe_url=/CafeMemberNetworkView.nhn%3Fm=view%26memberid=dudqkdrn\" target=\"_blank\" style=\"text-decoration-line: none;\">Y</a></p></div><br style=\"clear:both;\"><br>',4,4,0,0,'2020-02-17','0:0:0:0:0:0:0:1',NULL,0,NULL),(13,'신발장','coduo25',' 소소한 신발장~','<p style=\"text-align: center;\"> <img src=\"/Project/editorImageUpload/20200217144627949a46cc-7d91-4bc8-8bfe-706d79042c52.jpg\" title=\"externalFile%20(8).jpg\" style=\"width:85%;\"> </p><p>&nbsp;</p><p style=\"list-style: none; font-family: &quot;Apple SD Gothic Neo&quot;, &quot;맑은 고딕&quot;, &quot;Malgun Gothic&quot;, 돋움, dotum, sans-serif; color: rgb(34, 34, 34);\">작년부터 조금씩 리셀로 모은 아이들입니다. ㅎㅎ<br>(리플렉트만 공홈구매)<br>빨리 12칸 다 채워서 6칸 더 사고 싶어요~<br>(밑에 미드 2개는 너무 비어보여서 채워봤습니다.)</p><div class=\"autosourcing-stub\" style=\"font-family: &quot;Apple SD Gothic Neo&quot;, &quot;맑은 고딕&quot;, &quot;Malgun Gothic&quot;, 돋움, dotum, sans-serif; list-style: none; margin: 0px; padding: 0px; position: absolute; opacity: 0; color: rgb(34, 34, 34);\"><p style=\"list-style: none; margin-top: 20px; margin-bottom: 30px; font-family: dotum;\"><strong style=\"padding: 0px 7px 0px 0px;\">[출처]</strong>&nbsp;<a href=\"https://cafe.naver.com/sssw/10085229\" target=\"_blank\" style=\"text-decoration-line: none;\">소소한 신발장~ (●나이키매니아●에어조던,아디다스,슈프림,중고장터,스트릿패션)</a>&nbsp;<span style=\"padding: 0px 7px 0px 5px;\">|</span><strong style=\"padding: 0px 7px 0px 0px;\">작성자</strong>&nbsp;<a href=\"https://cafe.naver.com/sssw.cafe?iframe_url=/CafeMemberNetworkView.nhn%3Fm=view%26memberid=songysjjang\" target=\"_blank\" style=\"text-decoration-line: none;\">오라구리</a></p><div><br></div></div>',0,1,0,0,'2020-02-17','0:0:0:0:0:0:0:1',NULL,0,NULL),(14,'신발장','coduo25','스탁x발 조던1 85 바시티레드 왔네요','<p style=\"text-align: center;\"> <img src=\"/Project/editorImageUpload/20200217144718c103819c-510e-4768-9b02-694c479410a6.jpg\" title=\"externalFile%20(9).jpg\" style=\"width:85%;\"> </p><p style=\"text-align: center;\">&nbsp;</p><p style=\"text-align: center;\">&nbsp;</p><p style=\"text-align: center;\"> <img src=\"/Project/editorImageUpload/20200217144725603164ca-b686-4219-8e84-5593c9898391.jpg\" title=\"externalFile%20(10).jpg\" style=\"width:85%;\"> </p><p style=\"text-align: center;\">&nbsp;</p><p style=\"text-align: center;\">&nbsp;</p><p style=\"text-align: center;\"> <img src=\"/Project/editorImageUpload/202002171447298de3e44b-3339-46a4-8d3e-752fb06a11b2.jpg\" title=\"externalFile%20(11).jpg\" style=\"width:85%;\"> </p><p style=\"text-align: center;\">&nbsp;</p><p style=\"text-align: center;\"><span style=\"color: rgb(34, 34, 34); font-family: &quot;Apple SD Gothic Neo&quot;, &quot;맑은 고딕&quot;, &quot;Malgun Gothic&quot;, 돋움, dotum, sans-serif; text-align: start;\">드로우 다 광탈하고 매물 보던 중 산으로 간 나코탭 대비 해외 매물이 저렴해서 하나 들였습니다ㅎㅎ</span><br style=\"color: rgb(34, 34, 34); font-family: &quot;Apple SD Gothic Neo&quot;, &quot;맑은 고딕&quot;, &quot;Malgun Gothic&quot;, 돋움, dotum, sans-serif; text-align: start;\"><br style=\"color: rgb(34, 34, 34); font-family: &quot;Apple SD Gothic Neo&quot;, &quot;맑은 고딕&quot;, &quot;Malgun Gothic&quot;, 돋움, dotum, sans-serif; text-align: start;\"><span style=\"color: rgb(34, 34, 34); font-family: &quot;Apple SD Gothic Neo&quot;, &quot;맑은 고딕&quot;, &quot;Malgun Gothic&quot;, 돋움, dotum, sans-serif; text-align: start;\">해외 매물 구매시 가장 걱정되는데 박스 및 구성품 상태죠. 경험상 얘들은 그런거 신경 안쓰는듯ㅠ 근데 이번엔 셀러가 나매를 하는지 박스 속지 구성품 전부 무사히 왔네요^0^</span></p><div class=\"autosourcing-stub\" style=\"font-family: &quot;Apple SD Gothic Neo&quot;, &quot;맑은 고딕&quot;, &quot;Malgun Gothic&quot;, 돋움, dotum, sans-serif; list-style: none; margin: 0px; padding: 0px; position: absolute; opacity: 0; color: rgb(34, 34, 34);\"><p style=\"list-style: none; margin-top: 20px; margin-bottom: 30px; font-family: dotum;\"><strong style=\"padding: 0px 7px 0px 0px;\">[출처]</strong>&nbsp;<a href=\"https://cafe.naver.com/sssw/10084902\" target=\"_blank\" style=\"text-decoration-line: none;\">스탁x발 조던1 85 바시티레드 왔네요 (●나이키매니아●에어조던,아디다스,슈프림,중고장터,스트릿패션)</a>&nbsp;<span style=\"padding: 0px 7px 0px 5px;\">|</span><strong style=\"padding: 0px 7px 0px 0px;\">작성자</strong>&nbsp;<a href=\"https://cafe.naver.com/sssw.cafe?iframe_url=/CafeMemberNetworkView.nhn%3Fm=view%26memberid=westdok\" target=\"_blank\" style=\"text-decoration-line: none;\">쏭팝</a></p><div><br></div></div><br style=\"clear:both;\"><br><p>&nbsp;</p><br style=\"clear:both;\"><br><p>&nbsp;</p><br style=\"clear:both;\"><br>',3,2,0,0,'2020-02-17','0:0:0:0:0:0:0:1',NULL,0,NULL),(15,'신발장','coduo25','드디어 왔네용 ㅋㅋ','<p style=\"text-align: center;\"> <img src=\"/Project/editorImageUpload/202002171449420c4946c6-3043-42b8-85a0-7ec9aa52bf9a.jpg\" title=\"externalFile%20(12).jpg\" style=\"width:85%;\"> </p><p style=\"text-align: center;\">&nbsp;</p><p style=\"text-align: center;\">&nbsp;</p><p style=\"text-align: center;\"> <img src=\"/Project/editorImageUpload/202002171449478274b5b4-3f17-40ae-a5e2-058637f9214b.jpg\" title=\"externalFile%20(13).jpg\" style=\"width:85%;\"> </p><br style=\"clear:both;\"><br><p>&nbsp;</p><br style=\"clear:both;\"><br>',1,3,0,0,'2020-02-17','0:0:0:0:0:0:0:1',NULL,0,NULL),(16,'셀럽들','coduo25',' 이시영 보테가베네타','<p style=\"text-align: center;\"> <img src=\"/Project/editorImageUpload/202002171450234435535e-1c0d-4101-b5d1-12c903c49116.jpg\" title=\"externalFile%20(14).jpg\" style=\"width:85%;\"> </p><p style=\"text-align: center;\">&nbsp;</p><p style=\"text-align: center;\"><span style=\"color: rgb(34, 34, 34); font-family: &quot;Apple SD Gothic Neo&quot;, &quot;맑은 고딕&quot;, &quot;Malgun Gothic&quot;, 돋움, dotum, sans-serif; text-align: start;\">첼시부츠 예뻐서 어디껀지 검색해봤는데ㅡ보테가베네타 130만원정도 하더라구요 역시 예쁜건 다 비싸네요</span></p><div class=\"autosourcing-stub\" style=\"font-family: &quot;Apple SD Gothic Neo&quot;, &quot;맑은 고딕&quot;, &quot;Malgun Gothic&quot;, 돋움, dotum, sans-serif; list-style: none; margin: 0px; padding: 0px; position: absolute; opacity: 0; color: rgb(34, 34, 34);\"><p style=\"list-style: none; margin-top: 20px; margin-bottom: 30px; font-family: dotum;\"><strong style=\"padding: 0px 7px 0px 0px;\">[출처]</strong>&nbsp;<a href=\"https://cafe.naver.com/sssw/10084791\" target=\"_blank\" style=\"text-decoration-line: none;\">이시영 보테가베네타 (●나이키매니아●에어조던,아디다스,슈프림,중고장터,스트릿패션)</a>&nbsp;<span style=\"padding: 0px 7px 0px 5px;\">|</span><strong style=\"padding: 0px 7px 0px 0px;\">작성자</strong>&nbsp;<a href=\"https://cafe.naver.com/sssw.cafe?iframe_url=/CafeMemberNetworkView.nhn%3Fm=view%26memberid=smj7881\" target=\"_blank\" style=\"text-decoration-line: none;\">이지부뚜뚜</a></p></div><br style=\"clear:both;\"><br>',1,1,0,0,'2020-02-17','0:0:0:0:0:0:0:1',NULL,0,NULL),(17,'셀럽들','coduo25','이지 & 잉그램','<p style=\"text-align: center;\"> <img src=\"/Project/editorImageUpload/202002171450527452b09c-cb28-46a3-9713-1fef03277183.jpg\" title=\"externalFile%20(15).jpg\" style=\"width:85%;\"> </p><p style=\"text-align: center;\">&nbsp;</p><p style=\"text-align: center;\">&nbsp;</p><br style=\"clear:both;\"><br>',2,2,0,0,'2020-02-17','0:0:0:0:0:0:0:1',NULL,0,NULL),(18,'셀럽들','coduo25','지디','<p style=\"text-align: center;\"> <img src=\"/Project/editorImageUpload/20200217145138f1e6c0c2-5d16-44ea-ac13-38026f28e338.jpg\" title=\"externalFile%20(16).jpg\" style=\"width:85%;\"> </p><br style=\"clear:both;\"><br>',1,3,0,0,'2020-02-17','0:0:0:0:0:0:0:1',NULL,0,NULL),(19,'발매','coduo25','[뉴발란스코리아] 992 추가 입고 계획 및 다른 컬러 발매정보','<p style=\"text-align: center;\"> <img src=\"/Project/editorImageUpload/202002172340469ffdfb16-b32f-4bfa-976b-1ecf8c0ebfc5.jpg\" title=\"externalFile.jpg\" style=\"width:85%;\"> </p><br style=\"clear:both;\"><span style=\"color: rgb(34, 34, 34); font-family: &quot;Apple SD Gothic Neo&quot;, &quot;맑은 고딕&quot;, &quot;Malgun Gothic&quot;, 돋움, dotum, sans-serif;\">블랙, 베이지 컬러도 나오네요.</span><br style=\"color: rgb(34, 34, 34); font-family: &quot;Apple SD Gothic Neo&quot;, &quot;맑은 고딕&quot;, &quot;Malgun Gothic&quot;, 돋움, dotum, sans-serif;\"><br style=\"color: rgb(34, 34, 34); font-family: &quot;Apple SD Gothic Neo&quot;, &quot;맑은 고딕&quot;, &quot;Malgun Gothic&quot;, 돋움, dotum, sans-serif;\"><span style=\"color: rgb(34, 34, 34); font-family: &quot;Apple SD Gothic Neo&quot;, &quot;맑은 고딕&quot;, &quot;Malgun Gothic&quot;, 돋움, dotum, sans-serif;\">문제 시 삭제하겠습니다.</span><div class=\"autosourcing-stub\" style=\"font-family: &quot;Apple SD Gothic Neo&quot;, &quot;맑은 고딕&quot;, &quot;Malgun Gothic&quot;, 돋움, dotum, sans-serif; list-style: none; margin: 0px; padding: 0px; position: absolute; opacity: 0; color: rgb(34, 34, 34);\"><p style=\"list-style: none; margin-top: 20px; margin-bottom: 30px; font-family: dotum;\"><strong style=\"padding: 0px 7px 0px 0px;\">[출처]</strong>&nbsp;</p></div>',5,4,0,0,'2020-02-17','0:0:0:0:0:0:0:1',NULL,0,NULL),(20,'루머','coduo25','에어조던 1 하이 유니버시티 블루 AIR JORDAN 1 HIGH OG “UNIVERSITY BLUE” 목업디자인','<p style=\"text-align: center;\"> <img src=\"/Project/editorImageUpload/20200217234243e1d45f48-0377-43fb-af61-c45ae5a6662c.jpg\" title=\"externalFile%20(2).jpg\" style=\"width:85%;\"> </p><p>&nbsp;</p><p style=\"list-style: none; font-family: &quot;Apple SD Gothic Neo&quot;, &quot;맑은 고딕&quot;, &quot;Malgun Gothic&quot;, 돋움, dotum, sans-serif; color: rgb(34, 34, 34);\">모바일 양식 죄송합니다.<br><br><br>Air Jordan 1 High OG<br>Color: White/University Blue-Black<br>Style Code: 555088-134<br>Release Date: Early 2021<br>Price: $170</p><p style=\"list-style: none; font-family: &quot;Apple SD Gothic Neo&quot;, &quot;맑은 고딕&quot;, &quot;Malgun Gothic&quot;, 돋움, dotum, sans-serif; color: rgb(34, 34, 34);\"><br><br>&nbsp;</p><p style=\"list-style: none; font-family: &quot;Apple SD Gothic Neo&quot;, &quot;맑은 고딕&quot;, &quot;Malgun Gothic&quot;, 돋움, dotum, sans-serif; color: rgb(34, 34, 34);\"><br>이쁘긴한데 2021년 발매...........? 실화인가요 ㅎㅎㅎ<br><br><br>출처 :&nbsp;<a href=\"https://sneakerbardetroit.com/air-jordan-1-white-university-blue-black-555088-134-release-date/\" target=\"_blank\" style=\"text-decoration-line: none;\">https://sneakerbardetroit.com/air-jordan-1-white-university-blue-black-555088-134-release-date/</a></p><p>&nbsp;</p><p>&nbsp;</p><p>&nbsp;</p><div class=\"autosourcing-stub\" style=\"font-family: inherit; font-size: inherit; list-style: none; margin: 0px; padding: 0px; position: absolute; opacity: 0;\"><p style=\"list-style: none; margin: 20px 0px 30px; padding: 0px; font-size: 12px; font-family: dotum;\"><a href=\"https://sneakerbardetroit.com/air-jordan-1-white-university-blue-black-555088-134-release-date/\" target=\"_blank\" style=\"text-decoration: none;\"><strong style=\"padding: 0px 7px 0px 0px;\">[출처]</strong><span>&nbsp;</span></a></p></div>',2,4,0,0,'2020-02-17','0:0:0:0:0:0:0:1',NULL,0,NULL),(21,'착샷','coduo25','눈오는날 옵덩!','<p style=\"text-align: center;\"> <img src=\"/Project/editorImageUpload/202002172345303d8c8025-fcb0-416d-8eb3-62fb2325062d.jpg\" title=\"69D9B024-5DD0-4728-B5C1-DBFFF08464DD.jpg\" style=\"width:85%;\"> </p><br style=\"clear:both;\"><span style=\"color: rgb(34, 34, 34); font-family: &quot;Apple SD Gothic Neo&quot;, &quot;맑은 고딕&quot;, &quot;Malgun Gothic&quot;, 돋움, dotum, sans-serif;\">어우 넘나리 춥네요...</span><div class=\"autosourcing-stub\" style=\"font-family: &quot;Apple SD Gothic Neo&quot;, &quot;맑은 고딕&quot;, &quot;Malgun Gothic&quot;, 돋움, dotum, sans-serif; list-style: none; margin: 0px; padding: 0px; position: absolute; opacity: 0; color: rgb(34, 34, 34);\"><p style=\"list-style: none; margin-top: 20px; margin-bottom: 30px; font-family: dotum;\"><strong style=\"padding: 0px 7px 0px 0px;\">[출처]</strong>&nbsp;</p></div>',3,5,0,0,'2020-02-17','0:0:0:0:0:0:0:1',NULL,0,NULL),(22,'착샷','coduo25',' 조던1 라투시, ACG 리스폰더 백팩','<p style=\"text-align: center;\"> <img src=\"/Project/editorImageUpload/20200217234647b43c63c5-a9e7-4627-9573-41b03e770725.jpg\" title=\"externalFile%20(3).jpg\" style=\"width:85%;\"> </p><p style=\"text-align: center;\">&nbsp;</p><p style=\"text-align: center;\">&nbsp;</p><p style=\"text-align: center;\"> <img src=\"/Project/editorImageUpload/20200217234652b1215ace-160d-40f9-8468-114888beb7e8.jpg\" title=\"externalFile%20(4).jpg\" style=\"width:85%;\"> </p><p style=\"text-align: center;\">&nbsp;</p><p style=\"text-align: center;\"><span style=\"color: rgb(34, 34, 34); font-family: \" apple=\"\" sd=\"\" gothic=\"\" neo\",=\"\" \"맑은=\"\" 고딕\",=\"\" \"malgun=\"\" gothic\",=\"\" 돋움,=\"\" dotum,=\"\" sans-serif;=\"\" text-align:=\"\" start;\"=\"\">코비가 떠난 이후 더 애지중지하고 있는 보라색 라투시ㅠ</span><br style=\"color: rgb(34, 34, 34); font-family: \" apple=\"\" sd=\"\" gothic=\"\" neo\",=\"\" \"맑은=\"\" 고딕\",=\"\" \"malgun=\"\" gothic\",=\"\" 돋움,=\"\" dotum,=\"\" sans-serif;=\"\" text-align:=\"\" start;\"=\"\"><span style=\"color: rgb(34, 34, 34); font-family: \" apple=\"\" sd=\"\" gothic=\"\" neo\",=\"\" \"맑은=\"\" 고딕\",=\"\" \"malgun=\"\" gothic\",=\"\" 돋움,=\"\" dotum,=\"\" sans-serif;=\"\" text-align:=\"\" start;\"=\"\">사이즈 10업에 줌에어인솔 바꿨더니 착용감 말캉말캉</span><br style=\"color: rgb(34, 34, 34); font-family: \" apple=\"\" sd=\"\" gothic=\"\" neo\",=\"\" \"맑은=\"\" 고딕\",=\"\" \"malgun=\"\" gothic\",=\"\" 돋움,=\"\" dotum,=\"\" sans-serif;=\"\" text-align:=\"\" start;\"=\"\"><span style=\"color: rgb(34, 34, 34); font-family: \" apple=\"\" sd=\"\" gothic=\"\" neo\",=\"\" \"맑은=\"\" 고딕\",=\"\" \"malgun=\"\" gothic\",=\"\" 돋움,=\"\" dotum,=\"\" sans-serif;=\"\" text-align:=\"\" start;\"=\"\">ACG 백팩은 양 옆에 주머니 있는 지난 시즌 모델인데,</span><br style=\"color: rgb(34, 34, 34); font-family: \" apple=\"\" sd=\"\" gothic=\"\" neo\",=\"\" \"맑은=\"\" 고딕\",=\"\" \"malgun=\"\" gothic\",=\"\" 돋움,=\"\" dotum,=\"\" sans-serif;=\"\" text-align:=\"\" start;\"=\"\"><span style=\"color: rgb(34, 34, 34); font-family: \" apple=\"\" sd=\"\" gothic=\"\" neo\",=\"\" \"맑은=\"\" 고딕\",=\"\" \"malgun=\"\" gothic\",=\"\" 돋움,=\"\" dotum,=\"\" sans-serif;=\"\" text-align:=\"\" start;\"=\"\">양 옆 주머니 탈부착에 색상도 올블랙이라 아주 좋아요!</span></p><div class=\"autosourcing-stub\" style=\"font-family: \" apple=\"\" sd=\"\" gothic=\"\" neo\",=\"\" \"맑은=\"\" 고딕\",=\"\" \"malgun=\"\" gothic\",=\"\" 돋움,=\"\" dotum,=\"\" sans-serif;=\"\" list-style:=\"\" none;=\"\" margin:=\"\" 0px;=\"\" padding:=\"\" position:=\"\" absolute;=\"\" opacity:=\"\" 0;=\"\" color:=\"\" rgb(34,=\"\" 34,=\"\" 34);\"=\"\"><p style=\"list-style: none; margin-top: 20px; margin-bottom: 30px; font-family: dotum;\">&nbsp;</p></div>',9,6,0,0,'2020-02-17','0:0:0:0:0:0:0:1',NULL,0,NULL),(23,'착샷','coduo25',' 피마원 너무 이쁘네','<p style=\"text-align: center;\"> <img src=\"/Project/editorImageUpload/202002172348064377e626-0218-42ef-877f-835439db29ea.jpg\" title=\"externalFile%20(5).jpg\" style=\"width:85%;\"> </p><div class=\"tbody m-tcol-c\" id=\"tbody\" style=\"font-family: &quot;Apple SD Gothic Neo&quot;, &quot;맑은 고딕&quot;, &quot;Malgun Gothic&quot;, 돋움, dotum, sans-serif; list-style: none; margin: 20px 0px 0px auto; padding: 0px 43px; clear: both; line-height: 1.4; min-height: 80px; width: 744px; position: relative; overflow-y: hidden; z-index: 0; color: rgb(34, 34, 34); overflow-wrap: break-word; overflow-x: auto !important;\"><p style=\"list-style: none; font-size: inherit; font-family: inherit;\">오늘 같은 날에 딱이군요ㅎㅎㅎ</p></div><table role=\"presentation\" cellspacing=\"0\" class=\"tag_n_id tag_list_area\" style=\"width: 830px; table-layout: fixed; border: 0px; padding-top: 40px; font-family: &quot;Apple SD Gothic Neo&quot;, &quot;맑은 고딕&quot;, &quot;Malgun Gothic&quot;, 돋움, dotum, sans-serif;\"><tbody><tr><td class=\"tagarea\" style=\"vertical-align: top; padding-right: 10px; margin-bottom: -20px;\"><div class=\"autosourcing-stub\" style=\"list-style: none; margin: 0px; padding: 0px; position: absolute; opacity: 0;\"><p style=\"list-style: none; margin-top: 20px; margin-bottom: 30px; font-family: dotum;\">&nbsp;</p></div></td></tr></tbody></table>',7,7,0,0,'2020-02-17','0:0:0:0:0:0:0:1',NULL,0,NULL),(24,'착샷','coduo25',' 간만에 착샷~','<p style=\"text-align: center;\"> <img src=\"/Project/editorImageUpload/20200217234943ee547f38-89cf-43a6-8517-d01524338a4f.jpg\" title=\"externalFile%20(7).jpg\" style=\"width:85%;\"> </p><p style=\"text-align: center;\">&nbsp;</p><p style=\"text-align: center;\">&nbsp;</p><p style=\"text-align: center;\"> <img src=\"/Project/editorImageUpload/202002172349503f9e159c-8323-414a-affe-4185bb9db097.jpg\" title=\"externalFile%20(6).jpg\" style=\"width:85%;\"> </p><br style=\"clear:both;\"><span style=\"color: rgb(34, 34, 34); font-family: &quot;Apple SD Gothic Neo&quot;, &quot;맑은 고딕&quot;, &quot;Malgun Gothic&quot;, 돋움, dotum, sans-serif;\">올해 들어 눈같은 눈이 첨 내리는데 그냥 지나칠수 없어서 착샷한장~</span><div class=\"autosourcing-stub\" style=\"font-family: &quot;Apple SD Gothic Neo&quot;, &quot;맑은 고딕&quot;, &quot;Malgun Gothic&quot;, 돋움, dotum, sans-serif; list-style: none; margin: 0px; padding: 0px; position: absolute; opacity: 0; color: rgb(34, 34, 34);\"><p style=\"list-style: none; margin-top: 20px; margin-bottom: 30px; font-family: dotum;\">&nbsp;</p></div>',3,8,0,0,'2020-02-17','0:0:0:0:0:0:0:1',NULL,0,NULL),(25,'신발장','coduo25','언더커버 데이브레이크','<p style=\"text-align: center;\"> <img src=\"/Project/editorImageUpload/20200217235104e4e6622b-356a-4348-ad58-7441e7a18e8e.jpg\" title=\"C8470D4B-C89C-4F02-88F0-F0685C1B0BF0.jpg\" style=\"width:85%;\"> </p><p style=\"text-align: center;\">&nbsp;</p><p style=\"text-align: center;\">&nbsp;</p><p style=\"text-align: center;\"> <img src=\"/Project/editorImageUpload/202002172351105aa38c96-fa38-4685-9a78-8f73bd713c68.jpg\" title=\"68C5E5D5-6ACD-4BC1-AF26-E2306EB3DE8E.jpg\" style=\"width:85%;\"> </p><p style=\"text-align: center;\">&nbsp;</p><p style=\"text-align: center;\">&nbsp;</p><p style=\"text-align: center;\"> <img src=\"/Project/editorImageUpload/20200217235116455c395f-9acc-4b29-89d9-ab1ae94f8f8a.jpg\" title=\"D17CF2B2-DC8B-41E2-9CE2-23C2F9467F03.jpg\" style=\"width:85%;\"> </p><p style=\"text-align: center;\">&nbsp;</p><p align=\"center\" style=\"list-style: none; font-family: &quot;Apple SD Gothic Neo&quot;, &quot;맑은 고딕&quot;, &quot;Malgun Gothic&quot;, 돋움, dotum, sans-serif; color: rgb(34, 34, 34);\">&nbsp;</p><p align=\"left\" style=\"list-style: none; font-family: &quot;Apple SD Gothic Neo&quot;, &quot;맑은 고딕&quot;, &quot;Malgun Gothic&quot;, 돋움, dotum, sans-serif; color: rgb(34, 34, 34);\">특유의 색감과 착용감에 빠져 한 개, 두 개 구입하다가 꽤 모았네요. 검흰,레드가 남았는데 졸업할까 아니면, 마저 구입 후 졸업할까 고민입니다. 조던이나 사카이처럼 발매가와 리셀 벨류 차이가 크지 않아, 부담이 덜 합니다.&nbsp;</p><p align=\"left\" style=\"list-style: none; font-family: &quot;Apple SD Gothic Neo&quot;, &quot;맑은 고딕&quot;, &quot;Malgun Gothic&quot;, 돋움, dotum, sans-serif; color: rgb(34, 34, 34);\">&nbsp;</p><p align=\"left\" style=\"list-style: none; font-family: &quot;Apple SD Gothic Neo&quot;, &quot;맑은 고딕&quot;, &quot;Malgun Gothic&quot;, 돋움, dotum, sans-serif; color: rgb(34, 34, 34);\">아무튼, 간만에 재미있는 스니커질 중이네요 :)</p><p align=\"left\" style=\"list-style: none; font-family: &quot;Apple SD Gothic Neo&quot;, &quot;맑은 고딕&quot;, &quot;Malgun Gothic&quot;, 돋움, dotum, sans-serif; color: rgb(34, 34, 34);\">&nbsp;</p><p style=\"text-align: center;\">&nbsp;</p><p>&nbsp;</p><p>&nbsp;</p><div class=\"autosourcing-stub\" style=\"font-family: inherit; font-size: inherit; list-style: none; margin: 0px; padding: 0px; position: absolute; opacity: 0;\"><p style=\"list-style: none; margin: 20px 0px 30px; padding: 0px; font-size: 12px; font-family: dotum;\">&nbsp;</p></div>',2,4,0,0,'2020-02-17','0:0:0:0:0:0:0:1',NULL,0,NULL),(26,'신발장','coduo25','소박하지만 나름 신발장컷','<p style=\"text-align: center;\"> <img src=\"/Project/editorImageUpload/20200217235211660c9c6f-a127-461b-bf64-7ccf441afbb5.jpg\" title=\"externalFile%20(8).jpg\" style=\"width:85%;\"> </p><p style=\"text-align: center;\">&nbsp;</p><p style=\"text-align: center;\" align=\"center\">&nbsp;</p><div style=\"text-align: left;\" align=\"left\"><span style=\"color: rgb(34, 34, 34); font-family: &quot;Apple SD Gothic Neo&quot;, &quot;맑은 고딕&quot;, &quot;Malgun Gothic&quot;, 돋움, dotum, sans-serif;\">다른 회원분들에 비해 많이 부족하지만 저는 나름 만족하고 있습니다 ㅎㅎ 신발 입문한지 얼마 되지도 않았고 어려서 총알도 두둑하지 않지만 열심히 돈모아서 데려오고 있어요 ㅎㅎ</span></div><span style=\"color: rgb(34, 34, 34); font-family: &quot;Apple SD Gothic Neo&quot;, &quot;맑은 고딕&quot;, &quot;Malgun Gothic&quot;, 돋움, dotum, sans-serif;\"><div style=\"text-align: left;\" align=\"left\">파워 실착러분들 화이팅입니다 :)</div></span><p>&nbsp;</p><div class=\"autosourcing-stub\" style=\"font-family: &quot;Apple SD Gothic Neo&quot;, &quot;맑은 고딕&quot;, &quot;Malgun Gothic&quot;, 돋움, dotum, sans-serif; list-style: none; margin: 0px; padding: 0px; position: absolute; opacity: 0; color: rgb(34, 34, 34);\"><p style=\"list-style: none; margin-top: 20px; margin-bottom: 30px; font-family: dotum;\">\"&gt;&nbsp;</p></div>',4,5,0,0,'2020-02-17','0:0:0:0:0:0:0:1',NULL,0,NULL),(27,'신발장','coduo25',' 이걸 신발장이라해야하나.. ','<p style=\"text-align: center;\"> <img src=\"/Project/editorImageUpload/20200217235320af199c02-1b4e-46f0-9e3d-3a66e43270c2.jpg\" title=\"20200216_122359.jpg\" style=\"width:85%;\"> </p><br style=\"clear:both;\"><p align=\"left\" style=\"text-align: left; list-style: none; font-family: &quot;Apple SD Gothic Neo&quot;, &quot;맑은 고딕&quot;, &quot;Malgun Gothic&quot;, 돋움, dotum, sans-serif; color: rgb(34, 34, 34);\">이사땜에..</p><p align=\"left\" style=\"text-align: left; list-style: none; font-family: &quot;Apple SD Gothic Neo&quot;, &quot;맑은 고딕&quot;, &quot;Malgun Gothic&quot;, 돋움, dotum, sans-serif; color: rgb(34, 34, 34);\">애끼는 신발들 트렁크에넣고있습니다</p><p align=\"left\" style=\"text-align: left; list-style: none; font-family: &quot;Apple SD Gothic Neo&quot;, &quot;맑은 고딕&quot;, &quot;Malgun Gothic&quot;, 돋움, dotum, sans-serif; color: rgb(34, 34, 34);\">.</p><p align=\"left\" style=\"text-align: left; list-style: none; font-family: &quot;Apple SD Gothic Neo&quot;, &quot;맑은 고딕&quot;, &quot;Malgun Gothic&quot;, 돋움, dotum, sans-serif; color: rgb(34, 34, 34);\">아직 신발 집에 더있는데..</p><p align=\"left\" style=\"text-align: left; list-style: none; font-family: &quot;Apple SD Gothic Neo&quot;, &quot;맑은 고딕&quot;, &quot;Malgun Gothic&quot;, 돋움, dotum, sans-serif; color: rgb(34, 34, 34);\">트렁크 꽉채우는 그날까지@!!</p><div class=\"autosourcing-stub\" style=\"font-family: inherit; font-size: inherit; list-style: none; margin: 0px; padding: 0px; position: absolute; opacity: 0;\"><p style=\"list-style: none; margin-top: 20px; margin-bottom: 30px; font-family: dotum;\">&nbsp;</p></div>',1,6,0,0,'2020-02-17','0:0:0:0:0:0:0:1',NULL,0,NULL),(28,'신발장','coduo25','사카이 아니죠 어쩌다보니 십일카이','<p style=\"text-align: center;\"> <img src=\"/Project/editorImageUpload/20200217235416886f9d2e-5d79-4e11-b4ec-1efe771ccad6.jpg\" title=\"20200216_114809.jpg\" style=\"width:85%;\"> </p><p style=\"text-align: center;\">&nbsp;</p><p style=\"text-align: center;\">&nbsp;</p><p style=\"text-align: center;\"> <img src=\"/Project/editorImageUpload/20200217235421b8c8913f-a929-434f-966b-2f375d8b0448.jpg\" title=\"20200216_115011.jpg\" style=\"width:85%;\"> </p><p style=\"text-align: center;\">&nbsp;</p><p style=\"list-style: none; font-family: &quot;Apple SD Gothic Neo&quot;, &quot;맑은 고딕&quot;, &quot;Malgun Gothic&quot;, 돋움, dotum, sans-serif; color: rgb(34, 34, 34);\">&nbsp;</p><p style=\"list-style: none; font-family: &quot;Apple SD Gothic Neo&quot;, &quot;맑은 고딕&quot;, &quot;Malgun Gothic&quot;, 돋움, dotum, sans-serif; color: rgb(34, 34, 34);\">안녕하세요 아재 나이키쭌이입니다.</p><p style=\"list-style: none; font-family: &quot;Apple SD Gothic Neo&quot;, &quot;맑은 고딕&quot;, &quot;Malgun Gothic&quot;, 돋움, dotum, sans-serif; color: rgb(34, 34, 34);\">&nbsp;</p><p style=\"list-style: none; font-family: &quot;Apple SD Gothic Neo&quot;, &quot;맑은 고딕&quot;, &quot;Malgun Gothic&quot;, 돋움, dotum, sans-serif; color: rgb(34, 34, 34);\">신발질 시작한지 9개월차...</p><p style=\"list-style: none; font-family: &quot;Apple SD Gothic Neo&quot;, &quot;맑은 고딕&quot;, &quot;Malgun Gothic&quot;, 돋움, dotum, sans-serif; color: rgb(34, 34, 34);\">&nbsp;</p><p style=\"list-style: none; font-family: &quot;Apple SD Gothic Neo&quot;, &quot;맑은 고딕&quot;, &quot;Malgun Gothic&quot;, 돋움, dotum, sans-serif; color: rgb(34, 34, 34);\">사카이 너란 놈</p><p style=\"list-style: none; font-family: &quot;Apple SD Gothic Neo&quot;, &quot;맑은 고딕&quot;, &quot;Malgun Gothic&quot;, 돋움, dotum, sans-serif; color: rgb(34, 34, 34);\">&nbsp;</p><p style=\"list-style: none; font-family: &quot;Apple SD Gothic Neo&quot;, &quot;맑은 고딕&quot;, &quot;Malgun Gothic&quot;, 돋움, dotum, sans-serif; color: rgb(34, 34, 34);\">4개는 실착 7개는 소장중</p><p style=\"list-style: none; font-family: &quot;Apple SD Gothic Neo&quot;, &quot;맑은 고딕&quot;, &quot;Malgun Gothic&quot;, 돋움, dotum, sans-serif; color: rgb(34, 34, 34);\">&nbsp;</p><p style=\"list-style: none; font-family: &quot;Apple SD Gothic Neo&quot;, &quot;맑은 고딕&quot;, &quot;Malgun Gothic&quot;, 돋움, dotum, sans-serif; color: rgb(34, 34, 34);\">한참 캠핑에 빠져 스노우피크 라인 다 모을때가 엊그제 같은데 이젠 캠핑은 안녕~</p><p style=\"text-align: center;\">&nbsp;</p><p>&nbsp;</p><p>&nbsp;</p><div class=\"autosourcing-stub\" style=\"font-family: inherit; font-size: inherit; list-style: none; margin: 0px; padding: 0px; position: absolute; opacity: 0;\"><p style=\"list-style: none; margin: 20px 0px 30px; padding: 0px; font-size: 12px; font-family: dotum;\">&nbsp;</p></div>',6,7,0,0,'2020-02-17','0:0:0:0:0:0:0:1',NULL,0,NULL),(29,'신발장','coduo25',' 소소하게 하나둘씩 모으는중입니다^^','<p style=\"text-align: center;\"> <img src=\"/Project/editorImageUpload/20200217235526b2699b7f-b984-440b-aa0a-d19943059f8a.jpg\" title=\"631CE7C6-8987-48F4-B237-2D4AD43D9B93.jpg\" style=\"width:85%;\"> </p><br style=\"clear:both;\"><span style=\"color: rgb(34, 34, 34); font-family: &quot;Apple SD Gothic Neo&quot;, &quot;맑은 고딕&quot;, &quot;Malgun Gothic&quot;, 돋움, dotum, sans-serif;\">오프화이트 조던5 떨이지고, 스캇덩크 바라봅니다!!</span><div class=\"autosourcing-stub\" style=\"font-family: &quot;Apple SD Gothic Neo&quot;, &quot;맑은 고딕&quot;, &quot;Malgun Gothic&quot;, 돋움, dotum, sans-serif; list-style: none; margin: 0px; padding: 0px; position: absolute; opacity: 0; color: rgb(34, 34, 34);\"><p style=\"list-style: none; margin-top: 20px; margin-bottom: 30px; font-family: dotum;\">&nbsp;</p></div>',3,8,0,0,'2020-02-17','0:0:0:0:0:0:0:1',NULL,0,NULL),(30,'셀럽들','coduo25',' 쌈디 스캇포스[인스타]','<p style=\"text-align: center;\"> <img src=\"/Project/editorImageUpload/202002172356225d8bc2d8-11b3-4f4e-abed-4c2a0746e1ea.jpg\" title=\"1DB37682-3962-4E91-8EDF-942568E4D9EE.jpg\" style=\"width:85%;\"> </p><br style=\"clear:both;\"><p style=\"list-style: none; font-family: &quot;Apple SD Gothic Neo&quot;, &quot;맑은 고딕&quot;, &quot;Malgun Gothic&quot;, 돋움, dotum, sans-serif; color: rgb(34, 34, 34);\">쌈디&amp;쌈지 스캇포스 이쁘네요</p><p style=\"list-style: none; font-family: &quot;Apple SD Gothic Neo&quot;, &quot;맑은 고딕&quot;, &quot;Malgun Gothic&quot;, 돋움, dotum, sans-serif; color: rgb(34, 34, 34);\">바지는 릭 오웬스</p><div class=\"autosourcing-stub\" style=\"font-family: inherit; font-size: inherit; list-style: none; margin: 0px; padding: 0px; position: absolute; opacity: 0;\"><p style=\"list-style: none; margin-top: 20px; margin-bottom: 30px; font-family: dotum;\">&nbsp;</p></div>',3,4,0,0,'2020-02-17','0:0:0:0:0:0:0:1',NULL,0,NULL),(31,'셀럽들','coduo25',' 덕배 나이키 오프화이트 포스 볼트','<p style=\"text-align: center;\"> <img src=\"/Project/editorImageUpload/202002172357544339a6e9-f5e9-4c71-bd49-3876e6ae3563.jpg\" title=\"externalFile%20(9).jpg\" style=\"width:85%;\"> </p><br style=\"clear:both;\"><br>',4,5,0,0,'2020-02-17','0:0:0:0:0:0:0:1',NULL,0,NULL),(32,'셀럽들','coduo25','박서준 5협찬 들왔나보네요 ...부럽 새로이','<p style=\"text-align: center;\"> <img src=\"/Project/editorImageUpload/202002172359391deef94a-6b73-4a61-bc84-ba48bf756f1f.jpg\" title=\"68C89EC7-68B3-48AB-9A3D-7FFD033EB834.jpg\" style=\"width:85%;\"> </p><br style=\"clear:both;\"><br>',3,6,0,0,'2020-02-17','0:0:0:0:0:0:0:1',NULL,0,NULL),(33,'발매','coduo25','이지 폼러너 색상 Yeezy Foam Runner Color Way','<p style=\"text-align: center;\"> <img src=\"/Project/editorImageUpload/20200218184614debe51a3-382d-4a48-92ff-00b608d6d638.jpg\" title=\"externalFile%20(17).jpg\" style=\"width:85%;\"> </p><p style=\"text-align: center;\">&nbsp;</p><p style=\"text-align: center;\">&nbsp;</p><p style=\"text-align: center;\"> <img src=\"/Project/editorImageUpload/202002181846219773ea54-835f-47f4-9952-c76e4f2c8b50.jpg\" title=\"externalFile%20(18).jpg\" style=\"width:85%;\"> </p><p style=\"text-align: center;\">&nbsp;</p><div class=\"tbody m-tcol-c\" id=\"tbody\" style=\"font-family: &quot;Apple SD Gothic Neo&quot;, &quot;맑은 고딕&quot;, &quot;Malgun Gothic&quot;, 돋움, dotum, sans-serif; list-style: none; margin: 20px 0px 0px auto; padding: 0px 43px; clear: both; line-height: 1.4; min-height: 80px; width: 744px; position: relative; overflow-y: hidden; z-index: 0; color: rgb(34, 34, 34); overflow-wrap: break-word; overflow-x: auto !important;\"><p style=\"list-style: none; font-size: inherit; font-family: inherit;\">예전부터 나온지는 모르겠지만 색상 처음봐서 올립니다.</p><p style=\"list-style: none; font-size: inherit; font-family: inherit;\">문제시 삭제하겠습니다.</p></div><table role=\"presentation\" cellspacing=\"0\" class=\"tag_n_id tag_list_area\" style=\"width: 830px; table-layout: fixed; border: 0px; padding-top: 40px; font-family: &quot;Apple SD Gothic Neo&quot;, &quot;맑은 고딕&quot;, &quot;Malgun Gothic&quot;, 돋움, dotum, sans-serif;\"><tbody><tr><td class=\"tagarea\" style=\"vertical-align: top; padding-right: 10px; margin-bottom: -20px;\"><div class=\"autosourcing-stub\" style=\"list-style: none; margin: 0px; padding: 0px; position: absolute; opacity: 0;\"></div></td></tr></tbody></table>',1,5,0,0,'2020-02-18','192.168.7.31',NULL,0,NULL),(34,'발매','coduo25','AIR JORDAN 1 HIGH \"COURT PURPLE\" 4월4일 발매','<p style=\"text-align: center;\"> <img src=\"/Project/editorImageUpload/20200218184728b181c2dd-9a6e-4cb4-ba5f-df65b77f01db.jpg\" title=\"7EA7C3C3-8A29-4D41-845D-4A9CC7428051.jpg\" style=\"width:85%;\"> </p><p style=\"text-align: center;\">&nbsp;</p><p style=\"text-align: center;\">&nbsp;</p><p style=\"text-align: center;\"> <img src=\"/Project/editorImageUpload/202002181847519e07f004-2a61-43ae-82a5-8d50bbb2daeb.jpg\" title=\"28B4BC0A-4DA3-46BC-93C2-6F95F774E1C4.jpg\" style=\"width:85%;\"> </p><br style=\"clear:both;\"><p align=\"center\" style=\"list-style: none; font-family: &quot;Apple SD Gothic Neo&quot;, &quot;맑은 고딕&quot;, &quot;Malgun Gothic&quot;, 돋움, dotum, sans-serif; color: rgb(34, 34, 34);\">4월4일 발매</p><p align=\"center\" style=\"list-style: none; font-family: &quot;Apple SD Gothic Neo&quot;, &quot;맑은 고딕&quot;, &quot;Malgun Gothic&quot;, 돋움, dotum, sans-serif; color: rgb(34, 34, 34);\">기대되는제품이네요</p><p align=\"center\" style=\"list-style: none; font-family: &quot;Apple SD Gothic Neo&quot;, &quot;맑은 고딕&quot;, &quot;Malgun Gothic&quot;, 돋움, dotum, sans-serif; color: rgb(34, 34, 34);\">개인적으로 파인그린 보단 위네요</p><p align=\"center\" style=\"list-style: none; font-family: &quot;Apple SD Gothic Neo&quot;, &quot;맑은 고딕&quot;, &quot;Malgun Gothic&quot;, 돋움, dotum, sans-serif; color: rgb(34, 34, 34);\">&nbsp;</p><div class=\"autosourcing-stub\" style=\"font-family: inherit; font-size: inherit; list-style: none; margin: 0px; padding: 0px; position: absolute; opacity: 0;\"><p style=\"list-style: none; margin-top: 20px; margin-bottom: 30px; font-family: dotum;\">&nbsp;</p></div>',1,6,0,0,'2020-02-18','192.168.7.31',NULL,0,NULL),(35,'발매','coduo25','[NTWRK] ADIDAS YEEZY 350 V2 BLACK RF 드로우','<p style=\"text-align: center;\"> <img src=\"/Project/editorImageUpload/202002181848537f525965-abb8-4d45-bc45-986d214df295.png\" title=\"D9FE7780-3CD3-465B-B322-6298FE4526C0.png\" style=\"width:85%;\"> </p><p style=\"text-align: center;\">&nbsp;</p><p align=\"left\" style=\"list-style: none; font-size: 16.996px; font-family: AppleSDGothicNeo-Regular, sans-serif; caret-color: rgb(17, 17, 17); color: rgb(17, 17, 17);\">태평양 표준시 기준</p><p align=\"left\" style=\"list-style: none; font-size: 16.996px; font-family: AppleSDGothicNeo-Regular, sans-serif; caret-color: rgb(17, 17, 17); color: rgb(17, 17, 17);\">&nbsp;</p><p align=\"left\" style=\"list-style: none; font-size: 16.996px; font-family: AppleSDGothicNeo-Regular, sans-serif; caret-color: rgb(17, 17, 17); color: rgb(17, 17, 17);\">2 월 17 일 오후 5시 &nbsp;오픈</p><p align=\"left\" style=\"list-style: none; font-size: 16.996px; font-family: AppleSDGothicNeo-Regular, sans-serif; caret-color: rgb(17, 17, 17); color: rgb(17, 17, 17);\"><span style=\"font-size: 10pt; line-height: 1.5 !important;\">&nbsp;</span></p><p align=\"left\" style=\"list-style: none; font-size: 16.996px; font-family: AppleSDGothicNeo-Regular, sans-serif; caret-color: rgb(17, 17, 17); color: rgb(17, 17, 17);\"><span style=\"font-size: 10pt; line-height: 1.5 !important;\">2시 18 일 오후 4시 30 분&nbsp;</span><span style=\"font-size: 10pt; line-height: 1.5 !important;\">종료</span></p><p align=\"left\" style=\"list-style: none; font-size: 16.996px; font-family: AppleSDGothicNeo-Regular, sans-serif; caret-color: rgb(17, 17, 17); color: rgb(17, 17, 17);\">&nbsp;</p><p align=\"left\" style=\"list-style: none; font-size: 16.996px; font-family: AppleSDGothicNeo-Regular, sans-serif; caret-color: rgb(17, 17, 17); color: rgb(17, 17, 17);\">우승자는 2/18일 오후 5시 발표.</p><p align=\"left\" style=\"list-style: none; font-size: 16.996px; font-family: AppleSDGothicNeo-Regular, sans-serif; caret-color: rgb(17, 17, 17); color: rgb(17, 17, 17);\">&nbsp;</p><p align=\"left\" style=\"list-style: none; font-size: 16.996px; font-family: AppleSDGothicNeo-Regular, sans-serif; caret-color: rgb(17, 17, 17); color: rgb(17, 17, 17);\">로또수준입니다 재미로 해주세요</p><p align=\"left\" style=\"list-style: none; font-size: 16.996px; font-family: AppleSDGothicNeo-Regular, sans-serif; caret-color: rgb(17, 17, 17); color: rgb(17, 17, 17);\">&nbsp;</p><p align=\"left\" style=\"list-style: none; font-size: 16.996px; font-family: AppleSDGothicNeo-Regular, sans-serif; caret-color: rgb(17, 17, 17); color: rgb(17, 17, 17);\">알파벳 하나 번호 3자리 특수기호 하나 다마춰야됩니다^^</p><p align=\"left\" style=\"list-style: none; font-size: 16.996px; font-family: AppleSDGothicNeo-Regular, sans-serif; caret-color: rgb(17, 17, 17); color: rgb(17, 17, 17);\">&nbsp;</p><p align=\"left\" style=\"list-style: none; font-size: 16.996px; font-family: AppleSDGothicNeo-Regular, sans-serif; caret-color: rgb(17, 17, 17); color: rgb(17, 17, 17);\">어플만 가능하니 다운받으셔서 드로우 하시기바랍니다</p><p align=\"left\" style=\"list-style: none; font-size: 16.996px; font-family: AppleSDGothicNeo-Regular, sans-serif; caret-color: rgb(17, 17, 17); color: rgb(17, 17, 17);\">&nbsp;</p><p align=\"left\" style=\"list-style: none; font-size: 16.996px; font-family: AppleSDGothicNeo-Regular, sans-serif; caret-color: rgb(17, 17, 17); color: rgb(17, 17, 17);\"><a href=\"https://thentwrk.com/show/1108\" target=\"_blank\" style=\"text-decoration-line: none;\">https://thentwrk.com/show/1108</a></p><p align=\"center\" style=\"list-style: none; font-family: &quot;Apple SD Gothic Neo&quot;, &quot;맑은 고딕&quot;, &quot;Malgun Gothic&quot;, 돋움, dotum, sans-serif; color: rgb(34, 34, 34);\">&nbsp;</p><p align=\"center\" style=\"list-style: none; font-family: &quot;Apple SD Gothic Neo&quot;, &quot;맑은 고딕&quot;, &quot;Malgun Gothic&quot;, 돋움, dotum, sans-serif; color: rgb(34, 34, 34);\">&nbsp;</p><p style=\"text-align: center;\">&nbsp;</p><p>&nbsp;</p><p>&nbsp;</p><div class=\"autosourcing-stub\" style=\"font-family: inherit; font-size: inherit; list-style: none; margin: 0px; padding: 0px; position: absolute; opacity: 0;\"><p style=\"list-style: none; margin: 20px 0px 30px; padding: 0px; font-size: 12px; font-family: dotum;\">&nbsp;</p></div>',2,7,0,0,'2020-02-18','192.168.7.31',NULL,0,NULL),(36,'발매','coduo25','이지부스트 380 미스트 Yeezy Boost 380 “Mist” 착용샷 및 29일 발매예정','<p style=\"text-align: center;\"> <img src=\"/Project/editorImageUpload/20200218184956c99e80ec-e00f-4b18-ba54-4abf1202e4eb.jpg\" title=\"externalFile%20(19).jpg\" style=\"width:85%;\"> </p><p style=\"text-align: center;\">&nbsp;</p><p style=\"text-align: center;\">&nbsp;</p><p style=\"text-align: center;\"> <img src=\"/Project/editorImageUpload/202002181850050d4145d3-7721-4d18-82dd-d1af10816d4d.jpg\" title=\"externalFile%20(20).jpg\" style=\"width:85%;\"> </p><p style=\"text-align: center;\">&nbsp;</p><p style=\"list-style: none; font-family: &quot;Apple SD Gothic Neo&quot;, &quot;맑은 고딕&quot;, &quot;Malgun Gothic&quot;, 돋움, dotum, sans-serif; color: rgb(34, 34, 34);\"><br>모바일양식 죄송합니다.<br><br>Color : Mist/Mist/Mist<br>Style : FX9764<br>Price : $230</p><p style=\"list-style: none; font-family: &quot;Apple SD Gothic Neo&quot;, &quot;맑은 고딕&quot;, &quot;Malgun Gothic&quot;, 돋움, dotum, sans-serif; color: rgb(34, 34, 34);\"><br>출처 : yankeekicks</p><p style=\"text-align: center;\">&nbsp;</p><p>&nbsp;</p><p>&nbsp;</p><div class=\"autosourcing-stub\" style=\"font-family: inherit; font-size: inherit; list-style: none; margin: 0px; padding: 0px; position: absolute; opacity: 0;\"></div>',11,8,0,0,'2020-02-18','192.168.7.31',NULL,0,NULL),(37,'루머','Lostinsf!1','조던 1 오프화이트 곧 출시','<p style=\"text-align: center;\" align=\"center\"><span style=\"font-size: 24pt;\"><b>언젠가 ㅋㅋ 기대하셔도 좋습니다.</b></span></p><p><span style=\"font-size: 24pt;\"></span></p><p style=\"text-align: center;\"> <img src=\"/Project/editorImageUpload/202002191415280d7da36d-0255-4319-878e-67f397f0ed40.gif\" title=\"tenor.gif\" style=\"width:85%;\"> </p><br style=\"clear:both;\"><br><p>&nbsp;</p>',2,5,0,0,'2020-02-19','192.168.7.32',NULL,0,NULL);
/*!40000 ALTER TABLE `board_all` ENABLE KEYS */;
UNLOCK TABLES;

--
-- Table structure for table `member`
--

DROP TABLE IF EXISTS `member`;
/*!40101 SET @saved_cs_client     = @@character_set_client */;
/*!50503 SET character_set_client = utf8mb4 */;
CREATE TABLE `member` (
  `idx` int(11) NOT NULL AUTO_INCREMENT,
  `id` varchar(20) DEFAULT NULL,
  `pass` varchar(20) DEFAULT NULL,
  `name` varchar(10) DEFAULT NULL,
  `fulladd` varchar(200) DEFAULT NULL,
  `fullphone` varchar(45) DEFAULT NULL,
  `email` varchar(45) DEFAULT NULL,
  `reg_date` timestamp NULL DEFAULT NULL,
  `postcode` varchar(45) DEFAULT NULL,
  `addr1` varchar(100) DEFAULT NULL,
  `addr2` varchar(100) DEFAULT NULL,
  `addr3` varchar(100) DEFAULT NULL,
  `mobile1` varchar(5) DEFAULT NULL,
  `mobile2` varchar(5) DEFAULT NULL,
  `mobile3` varchar(5) DEFAULT NULL,
  PRIMARY KEY (`idx`),
  UNIQUE KEY `id_UNIQUE` (`id`),
  UNIQUE KEY `email_UNIQUE` (`email`)
) ENGINE=InnoDB AUTO_INCREMENT=6 DEFAULT CHARSET=utf8;
/*!40101 SET character_set_client = @saved_cs_client */;

--
-- Dumping data for table `member`
--

LOCK TABLES `member` WRITE;
/*!40000 ALTER TABLE `member` DISABLE KEYS */;
INSERT INTO `member` VALUES (1,'admin','1234','관리자','',NULL,NULL,NULL,NULL,NULL,NULL,NULL,NULL,NULL,NULL),(2,'coduo25','Qwer!1234','박정훈','46294 부산 금정구 금강로 225 208동 2104호  (장전동, 벽산블루밍디자인시티)','010 6265 9520','coduo25@gmail.com','2020-02-16 13:44:49','46294','부산 금정구 금강로 225','208동 2104호',' (장전동, 벽산블루밍디자인시티)','010','6265','9520'),(3,'itwill123','Itwill123@','서형원','13480 경기 성남시 분당구 대왕판교로 477 낙생고등학생  (판교동)','010 2515 3142','vavava@vava.ccc','2020-02-18 09:29:35','13480','경기 성남시 분당구 대왕판교로 477','낙생고등학생',' (판교동)','010','2515','3142'),(4,'Lostinsf!1','Lostinsf!1','이봉주','07041 서울 동작구 국사봉길 1-2 111  (대방동)','010 1111 111','lostinsf@naver.com','2020-02-19 05:11:28','07041','서울 동작구 국사봉길 1-2','111',' (대방동)','010','1111','111'),(5,'coduo26','Park9520!','박정훈','46294 부산 금정구 금강로 225 208동 2104호  (장전동, 벽산블루밍디자인시티)','010 6265 9520','coduo250@gmail.com','2020-02-20 09:30:45','46294','부산 금정구 금강로 225','208동 2104호',' (장전동, 벽산블루밍디자인시티)','010','6265','9520');
/*!40000 ALTER TABLE `member` ENABLE KEYS */;
UNLOCK TABLES;

--
-- Table structure for table `my_locker`
--

DROP TABLE IF EXISTS `my_locker`;
/*!40101 SET @saved_cs_client     = @@character_set_client */;
/*!50503 SET character_set_client = utf8mb4 */;
CREATE TABLE `my_locker` (
  `idx` int(11) NOT NULL AUTO_INCREMENT,
  `member_id` varchar(100) DEFAULT NULL,
  `sneaker_image` varchar(100) DEFAULT NULL,
  `brand` varchar(45) DEFAULT NULL,
  `sub_brand` varchar(45) DEFAULT NULL,
  `brand_index` varchar(45) DEFAULT NULL,
  `model_name` varchar(100) DEFAULT NULL,
  `model_stylecode` varchar(45) DEFAULT NULL,
  `original_price` int(11) DEFAULT NULL,
  `market_price` int(11) DEFAULT NULL,
  `model_color` varchar(45) DEFAULT NULL,
  `my_size` int(11) NOT NULL,
  `my_price` int(11) NOT NULL,
  `my_condition` varchar(45) DEFAULT NULL,
  `my_usedRate` varchar(45) DEFAULT NULL,
  `my_purchasing_route` varchar(45) NOT NULL,
  `my_status` varchar(45) NOT NULL,
  `my_future_status` varchar(45) DEFAULT NULL,
  PRIMARY KEY (`idx`)
) ENGINE=InnoDB AUTO_INCREMENT=17 DEFAULT CHARSET=utf8;
/*!40101 SET character_set_client = @saved_cs_client */;

--
-- Dumping data for table `my_locker`
--

LOCK TABLES `my_locker` WRITE;
/*!40000 ALTER TABLE `my_locker` DISABLE KEYS */;
INSERT INTO `my_locker` VALUES (1,'coduo25','Jordan 1 Retro High Rookie of the Year.jpg',' Nike',' Air Jordan',' 1','Jordan 1 Retro High Rookie of the Year','555088-701',199000,520000,'Golden Harvest/Black-Sail',280,200000,'중고','8.5','리셀','O',NULL),(2,'coduo25','Jordan 1 Retro High Obsidian UNC.jpg',' Nike',' Air Jordan',' 1','Jordan 1 Retro High Obsidian UNC','555088-140',199000,350000,'SAIL/OBSIDIAN-UNIVERSITY BLUE',280,320000,'새상품','9.5','리셀','O',NULL),(3,'coduo25','Nike Dunk Low Off-White Pine Green.jpg',' Nike Offwhite',' Dunk',' Low','Off-White Pine Green','CT0856-100',219000,850000,'WHITE/PINE GREEN-PINE GREEN',275,720000,'새상품','9.5','리셀','O',NULL),(4,'coduo25','Nike Dunk Low Off-White Pine Green.jpg',' Nike Offwhite',' Dunk',' Low','Off-White Pine Green','CT0856-100',219000,850000,'WHITE/PINE GREEN-PINE GREEN',275,750000,'새상품','9.5','리셀','O',NULL),(5,'coduo25','Nike Dunk Low Viotech (2019).jpg',' Nike',' Dunk',' Low','Dunk Low Viotech (2019)','CT5050-500',129000,230000,'VIOTECH/VIOTECH',275,210000,'새상품','9.5','리셀','O',NULL),(6,'coduo25','Nike SB Dunk Low J-Pack Shadow.jpg',' Nike',' SB Dunk',' Low','Nike SB Dunk Low J-Pack Shadow','BQ6817-007',119000,160000,'BLACK/SHADOW GREY-WHITE',275,150000,'새상품','9.5','리셀','O',NULL),(7,'coduo25','Air Max 97 Silver Bullet.jpg',' Nike',' Air VaporMax',' ','Air Max 97 Silver Bullet','AJ7291-002',289000,320000,'METALLIC SILVER/VARSITY RED-WHITE-BLACK',280,0,'중고','8','선물','O',NULL),(8,'Lostinsf!1','Air Force 1 Low Travis Scott Cactus Jack.jpg',' Nike',' Air Force 1',' Low','Air Force 1 Travis Scott Cactus Jack','CN2405-900',209000,700000,'MULTI-COLOR/MUTED BRONZE-FOSSIL',265,600000,'중고','9.5','리셀','O',NULL),(9,'Lostinsf!1','Air Force 1 Low Travis Scott Cactus Jack.jpg',' Nike',' Air Force 1',' Low','Air Force 1 Travis Scott Cactus Jack','CN2405-900',209000,700000,'MULTI-COLOR/MUTED BRONZE-FOSSIL',265,630000,'새상품','9.5','리셀','O',NULL),(10,'Lostinsf!1','Air Force 1 Low G-Dragon Peaceminusone Para-Noise.jpg',' Nike',' Air Force 1',' Low','Air Force 1 Low G-Dragon Peaceminusone Para-Noise','AQ3692-001',219000,600000,'BLACK/WHITE',265,540000,'새상품','9.5','리셀','O',NULL),(11,'Lostinsf!1','Yeezy Boost 350 V2 Yecheil (Non-Reflective).jpg',' Adidas',' Yeezy Boost',' 350','Yeezy Boost 350 V2 Yecheil (Non-Reflective)','FW5190',289000,300000,'YECHEIL/YECHEIL/YECHEIL',265,360000,'새상품','9.5','리셀','O',NULL),(12,'coduo25','Pharrell Inspiration Pack White.jpg',' Adidas',' NMD',' Hu','Pharrell Inspiration Pack White','EE7583',299000,300000,'FOOTWEAR WHITE/BOLD GREEN-BRIGHT YELLOW',275,185000,'새상품','9.5','정식발매','O',NULL),(13,'coduo25','Nike LD Waffle Sacai Blue Multi.jpg',' Nike',' ',' LD Waffle','Nike LD Waffle Sacai Blue Multi','BV0073-400',179000,750000,'BLUE/MULTI',280,320000,'새상품','9.5','리셀','O',NULL),(14,'coduo26','Jordan 1 Retro High Rookie of the Year.jpg',' Nike',' Air Jordan',' 1','Jordan 1 Retro High Rookie of the Year','555088-701',199000,520000,'Golden Harvest/Black-Sail',280,320000,'중고','8.5','리셀','O',NULL),(15,'coduo26','Yeezy Boost 350 V2 Black (Non-Reflective).jpg',' Adidas',' Yeezy Boost',' 350','Yeezy Boost 350 V2 Black (Non-Reflective)','FU9006',289000,450000,'BLACK/BLACK/BLACK',240,350000,'새상품','9.5','리셀','O',NULL),(16,'coduo25','Nike Dunk Low Off-White Pine Green.jpg',' Nike',' Dunk',' Low','Off-White Pine Green','CT0856-100',219000,850000,'WHITE/PINE GREEN-PINE GREEN',275,750000,'새상품','9.5','리셀','O',NULL);
/*!40000 ALTER TABLE `my_locker` ENABLE KEYS */;
UNLOCK TABLES;

--
-- Table structure for table `sneaker_library`
--

DROP TABLE IF EXISTS `sneaker_library`;
/*!40101 SET @saved_cs_client     = @@character_set_client */;
/*!50503 SET character_set_client = utf8mb4 */;
CREATE TABLE `sneaker_library` (
  `brand` varchar(30) DEFAULT NULL,
  `sub_brand` varchar(45) DEFAULT NULL,
  `brand_index` varchar(45) DEFAULT NULL,
  `sneaker_image` varchar(100) DEFAULT NULL,
  `sneaker_realimage` varchar(100) DEFAULT NULL,
  `model_stylecode` varchar(45) NOT NULL,
  `model_name` varchar(100) DEFAULT NULL,
  `model_colorway` varchar(45) DEFAULT NULL,
  `original_price` int(11) NOT NULL,
  `market_price` int(10) DEFAULT NULL,
  PRIMARY KEY (`model_stylecode`),
  UNIQUE KEY `model_style_UNIQUE` (`model_stylecode`)
) ENGINE=InnoDB DEFAULT CHARSET=utf8 COMMENT='			';
/*!40101 SET character_set_client = @saved_cs_client */;

--
-- Dumping data for table `sneaker_library`
--

LOCK TABLES `sneaker_library` WRITE;
/*!40000 ALTER TABLE `sneaker_library` DISABLE KEYS */;
INSERT INTO `sneaker_library` VALUES ('Nike','Air Jordan Mid','1','Jordan 1 Mid Royal (2020).jpg','Jordan 1 Mid Royal (2020).jpg','554724-068','Jordan 1 Mid Royal (2020)','BLACK/GAME ROYAL-WHITE',139000,140000),('Nike','Air Jordan','1','Jordan 1 Retro High Bloodline.jpg','Jordan 1 Retro High Bloodline.jpg','555088-062','Jordan 1 Retro High Bloodline','BLACK/GYM RED-WHITE',199000,250000),('Nike','Air Jordan','1','Jordan 1 Retro High Obsidian UNC.jpg','Jordan 1 Retro High Obsidian UNC.jpg','555088-140','Jordan 1 Retro High Obsidian UNC','SAIL/OBSIDIAN-UNIVERSITY BLUE',199000,350000),('Nike','Air Jordan','1','Jordan 1 Retro High Rookie of the Year.jpg','Jordan 1 Retro High Rookie of the Year.jpg','555088-701','Jordan 1 Retro High Rookie of the Year','Golden Harvest/Black-Sail',199000,520000),('Nike','Air VaporMax','','Air Max 97 Silver Bullet.jpg','Air Max 97 Silver Bullet.jpg','AJ7291-002','Air Max 97 Silver Bullet','METALLIC SILVER/VARSITY RED-WHITE-BLACK',289000,320000),('Nike','Air Force 1','Low','Air Force 1 Low G-Dragon Peaceminusone Para-Noise.jpg','Air Force 1 Low G-Dragon Peaceminusone Para-Noise.jpg','AQ3692-001','Air Force 1 Low G-Dragon Peaceminusone Para-Noise','BLACK/WHITE',219000,600000),('Nike','SB Dunk','Low','Nike SB Dunk Low J-Pack Shadow.jpg','Nike SB Dunk Low J-Pack Shadow.jpg','BQ6817-007','Nike SB Dunk Low J-Pack Shadow','BLACK/SHADOW GREY-WHITE',119000,160000),('Nike','','LD Waffle','Nike LD Waffle Sacai Blue Multi.jpg','Nike LD Waffle Sacai Blue Multi.jpg','BV0073-400','Nike LD Waffle Sacai Blue Multi','BLUE/MULTI',179000,750000),('Nike','Air Force 1','Low','Air Force 1 Low Travis Scott Cactus Jack.jpg','Air Force 1 Low Travis Scott Cactus Jack.jpg','CN2405-900','Air Force 1 Travis Scott Cactus Jack','MULTI-COLOR/MUTED BRONZE-FOSSIL',209000,700000),('Nike','Dunk','Low','Nike Dunk Low Off-White Pine Green.jpg','Nike Dunk Low Off-White Pine Green.jpg','CT0856-100','Off-White Pine Green','WHITE/PINE GREEN-PINE GREEN',219000,850000),('Nike','Dunk ','Low','Nike Dunk Low Off-White University Red.jpg','Nike Dunk Low Off-White University Red.jpg','CT0856-600','Off-White University Red','UNIVERSITY RED/UNIVERSITY RED/WOLF GREY',219000,600000),('Nike','Dunk','Low','Nike Dunk Low Off-White University Gold Midnight Navy.jpg','Nike Dunk Low Off-White University Gold Midnight Navy.jpg','CT0856-700','Off-White University Gold Midnight Navy','UNIVERSITY GOLD/MIDNIGHT NAVY/WHITE',219000,550000),('Nike','Dunk','Low','Nike Dunk Low Viotech (2019).jpg','Nike Dunk Low Viotech (2019).jpg','CT5050-500','Dunk Low Viotech (2019)','VIOTECH/VIOTECH',129000,230000),('Nike','SB Dunk','Low','Nike SB Dunk Low Travis Scott.jpg','Nike SB Dunk Low Travis Scott.jpg','CT5053-001','Nike SB Dunk Low Travis Scott','BLACK/BLACK-PARACHUTE BEIGE-PETRA BROWN',219000,560000),('Adidas','NMD','Hu','Pharrell Inspiration Pack White.jpg','Pharrell Inspiration Pack White.jpg','EE7583','Pharrell Inspiration Pack White','FOOTWEAR WHITE/BOLD GREEN-BRIGHT YELLOW',299000,300000),('Adidas','Yeezy Boost','350','Yeezy Boost 350 V2 Black (Non-Reflective).jpg','Yeezy Boost 350 V2 Black (Non-Reflective).jpg','FU9006','Yeezy Boost 350 V2 Black (Non-Reflective)','BLACK/BLACK/BLACK',289000,450000),('Adidas','Yeezy Boost','350','Yeezy Boost 350 V2 Yecheil (Non-Reflective).jpg','Yeezy Boost 350 V2 Yecheil (Non-Reflective).jpg','FW5190','Yeezy Boost 350 V2 Yecheil (Non-Reflective)','YECHEIL/YECHEIL/YECHEIL',289000,300000);
/*!40000 ALTER TABLE `sneaker_library` ENABLE KEYS */;
UNLOCK TABLES;

--
-- Dumping events for database 'sneakerhead'
--

--
-- Dumping routines for database 'sneakerhead'
--
/*!40103 SET TIME_ZONE=@OLD_TIME_ZONE */;

/*!40101 SET SQL_MODE=@OLD_SQL_MODE */;
/*!40014 SET FOREIGN_KEY_CHECKS=@OLD_FOREIGN_KEY_CHECKS */;
/*!40014 SET UNIQUE_CHECKS=@OLD_UNIQUE_CHECKS */;
/*!40101 SET CHARACTER_SET_CLIENT=@OLD_CHARACTER_SET_CLIENT */;
/*!40101 SET CHARACTER_SET_RESULTS=@OLD_CHARACTER_SET_RESULTS */;
/*!40101 SET COLLATION_CONNECTION=@OLD_COLLATION_CONNECTION */;
/*!40111 SET SQL_NOTES=@OLD_SQL_NOTES */;

-- Dump completed on 2020-06-14 13:14:58
